{
  "baseline_logistic_auc": 0.981336964681646,
  "xgboost_auc": 0.9872379056896943,
  "xgboost_pr_auc": 0.8010000620943292,
  "xgboost_cv_mean": 0.9882980083040243,
  "xgboost_cv_std": 0.0035372682630513772,
  "lift_by_decile": {
    "1": 9.344262295081966,
    "2": 0.6557377049180328,
    "3": 0.0,
    "4": 0.0,
    "5": 0.0,
    "6": 0.0,
    "7": 0.0,
    "8": 0.0,
    "9": 0.0,
    "10": 0.0
  },
  "cox_concordance": 0.7492571865756054,
  "test_size": 1000,
  "test_positive_rate": 0.061,
  "roc_curve": {
    "fpr": [
      0.0,
      0.009584664536741214,
      0.009584664536741214,
      0.009584664536741214,
      0.011714589989350373,
      0.011714589989350373,
      0.012779552715654952,
      0.012779552715654952,
      0.01703940362087327,
      0.01703940362087327,
      0.019169329073482427,
      0.021299254526091587,
      0.023429179978700747,
      0.025559105431309903,
      0.027689030883919063,
      0.03194888178913738,
      0.0362087326943557,
      0.04153354632587859,
      0.043663471778487756,
      0.04898828541001065,
      0.051118210862619806,
      0.05324813631522897,
      0.055378061767838126,
      0.06070287539936102,
      0.06283280085197018,
      0.06389776357827476,
      0.0670926517571885,
      0.07135250266240682,
      0.0724174653887114,
      0.07667731629392971,
      0.07880724174653887,
      0.08306709265175719,
      0.08413205537806177,
      0.08626198083067092,
      0.08945686900958466,
      0.09371671991480299,
      0.09691160809371673,
      0.09904153354632587,
      0.10010649627263046,
      0.10223642172523961,
      0.10543130990415335,
      0.1182108626198083,
      0.12247071352502663,
      0.12460063897763578,
      0.12566560170394037,
      0.1288604898828541,
      0.1299254526091587,
      0.13205537806176784,
      0.13525026624068157,
      0.13844515441959532,
      0.14057507987220447,
      0.2747603833865815,
      0.2854100106496273,
      1.0
    ],
    "tpr": [
      0.0,
      0.7377049180327869,
      0.7704918032786885,
      0.819672131147541,
      0.819672131147541,
      0.8688524590163934,
      0.8688524590163934,
      0.9016393442622951,
      0.9016393442622951,
      0.9180327868852459,
      0.9180327868852459,
      0.9180327868852459,
      0.9344262295081968,
      0.9344262295081968,
      0.9344262295081968,
      0.9344262295081968,
      0.9344262295081968,
      0.9344262295081968,
      0.9344262295081968,
      0.9344262295081968,
      0.9344262295081968,
      0.9344262295081968,
      0.9344262295081968,
      0.9344262295081968,
      0.9344262295081968,
      0.9344262295081968,
      0.9344262295081968,
      0.9344262295081968,
      0.9344262295081968,
      0.9508196721311475,
      0.9508196721311475,
      0.9508196721311475,
      0.9508196721311475,
      0.9508196721311475,
      0.9508196721311475,
      0.9508196721311475,
      0.9508196721311475,
      0.9508196721311475,
      0.9672131147540983,
      0.9672131147540983,
      0.9836065573770492,
      0.9836065573770492,
      0.9836065573770492,
      0.9836065573770492,
      0.9836065573770492,
      0.9836065573770492,
      0.9836065573770492,
      0.9836065573770492,
      0.9836065573770492,
      1.0,
      1.0,
      1.0,
      1.0,
      1.0
    ]
  },
  "pr_curve": {
    "precision": [
      0.061,
      0.18541033434650456,
      0.19122257053291536,
      0.3160621761658031,
      0.3193717277486911,
      0.32085561497326204,
      0.32608695652173914,
      0.32967032967032966,
      0.3314917127071823,
      0.33707865168539325,
      0.3389830508474576,
      0.34285714285714286,
      0.3448275862068966,
      0.3468208092485549,
      0.3488372093023256,
      0.3508771929824561,
      0.37735849056603776,
      0.38064516129032255,
      0.38311688311688313,
      0.38562091503267976,
      0.3841059602649007,
      0.38926174496644295,
      0.3972602739726027,
      0.4084507042253521,
      0.41134751773049644,
      0.4142857142857143,
      0.4172661870503597,
      0.4233576642335766,
      0.4264705882352941,
      0.4393939393939394,
      0.44274809160305345,
      0.4461538461538462,
      0.456,
      0.4596774193548387,
      0.475,
      0.48717948717948717,
      0.49137931034482757,
      0.5,
      0.504424778761062,
      0.5089285714285714,
      0.5135135135135135,
      0.5181818181818182,
      0.5229357798165137,
      0.5327102803738317,
      0.5377358490566038,
      0.5428571428571428,
      0.5533980582524272,
      0.5588235294117647,
      0.5643564356435643,
      0.57,
      0.5757575757575758,
      0.5816326530612245,
      0.59375,
      0.6,
      0.6063829787234043,
      0.6129032258064516,
      0.6195652173913043,
      0.6263736263736264,
      0.6551724137931034,
      0.6627906976744186,
      0.6705882352941176,
      0.6785714285714286,
      0.6867469879518072,
      0.7037037037037037,
      0.7125,
      0.7215189873417721,
      0.7368421052631579,
      0.7466666666666667,
      0.7567567567567568,
      0.7777777777777778,
      0.7746478873239436,
      0.7857142857142857,
      0.7971014492753623,
      0.8088235294117647,
      0.8208955223880597,
      0.8181818181818182,
      0.8153846153846154,
      0.828125,
      0.8253968253968254,
      0.8225806451612904,
      0.819672131147541,
      0.847457627118644,
      0.8392857142857143,
      0.8363636363636363,
      0.8333333333333334,
      1.0
    ],
    "recall": [
      1.0,
      1.0,
      1.0,
      1.0,
      1.0,
      0.9836065573770492,
      0.9836065573770492,
      0.9836065573770492,
      0.9836065573770492,
      0.9836065573770492,
      0.9836065573770492,
      0.9836065573770492,
      0.9836065573770492,
      0.9836065573770492,
      0.9836065573770492,
      0.9836065573770492,
      0.9836065573770492,
      0.9672131147540983,
      0.9672131147540983,
      0.9672131147540983,
      0.9508196721311475,
      0.9508196721311475,
      0.9508196721311475,
      0.9508196721311475,
      0.9508196721311475,
      0.9508196721311475,
      0.9508196721311475,
      0.9508196721311475,
      0.9508196721311475,
      0.9508196721311475,
      0.9508196721311475,
      0.9508196721311475,
      0.9344262295081968,
      0.9344262295081968,
      0.9344262295081968,
      0.9344262295081968,
      0.9344262295081968,
      0.9344262295081968,
      0.9344262295081968,
      0.9344262295081968,
      0.9344262295081968,
      0.9344262295081968,
      0.9344262295081968,
      0.9344262295081968,
      0.9344262295081968,
      0.9344262295081968,
      0.9344262295081968,
      0.9344262295081968,
      0.9344262295081968,
      0.9344262295081968,
      0.9344262295081968,
      0.9344262295081968,
      0.9344262295081968,
      0.9344262295081968,
      0.9344262295081968,
      0.9344262295081968,
      0.9344262295081968,
      0.9344262295081968,
      0.9344262295081968,
      0.9344262295081968,
      0.9344262295081968,
      0.9344262295081968,
      0.9344262295081968,
      0.9344262295081968,
      0.9344262295081968,
      0.9344262295081968,
      0.9180327868852459,
      0.9180327868852459,
      0.9180327868852459,
      0.9180327868852459,
      0.9016393442622951,
      0.9016393442622951,
      0.9016393442622951,
      0.9016393442622951,
      0.9016393442622951,
      0.8852459016393442,
      0.8688524590163934,
      0.8688524590163934,
      0.8524590163934426,
      0.8360655737704918,
      0.819672131147541,
      0.819672131147541,
      0.7704918032786885,
      0.7540983606557377,
      0.7377049180327869,
      0.0
    ]
  }
}